items_a,items_b,items_c,time
9,9,12,1663147111
9,9,12,1663147112
9,9,12,1663147112
9,9,12,1663147113
9,9,12,1663147113
9,9,12,1663147114
9,9,12,1663147114
9,9,12,1663147115
9,9,12,1663147115
9,9,12,1663147116
9,9,12,1663147116
9,9,12,1663147117
9,9,12,1663147117
9,9,12,1663147118
9,9,12,1663147118
9,9,12,1663147119
9,9,12,1663147119
9,9,12,1663147120
9,9,12,1663147120
9,9,12,1663147121
9,9,12,1663147121
9,9,12,1663147122
9,9,12,1663147122
9,9,12,1663147123
9,9,12,1663147123
9,9,12,1663147124
9,9,12,1663147124
9,9,12,1663147125
9,9,12,1663147125
9,9,12,1663147126
9,9,12,1663147126
9,9,12,1663147127
9,9,12,1663147127
9,9,12,1663147128
9,9,12,1663147128
9,9,12,1663147129
9,9,12,1663147129
9,9,12,1663147130
9,9,12,1663147130
9,9,12,1663147131
9,9,12,1663147131
9,9,12,1663147132
9,9,12,1663147132
9,9,12,1663147133
9,9,12,1663147133
9,9,12,1663147134
9,9,12,1663147134
9,9,12,1663147135
9,9,12,1663147135
9,9,12,1663147136
9,9,12,1663147136
9,9,12,1663147137
9,9,12,1663147137
9,9,12,1663147138
9,9,12,1663147138
9,9,12,1663147139
9,9,12,1663147139
9,9,12,1663147140
9,9,12,1663147140
9,9,12,1663147141
9,9,12,1663147141
9,9,12,1663147142
9,9,12,1663147142
9,9,12,1663147143
9,9,12,1663147143
9,9,12,1663147144
9,9,12,1663147144
9,9,12,1663147145
9,9,12,1663147145
9,9,12,1663147146
9,9,12,1663147146
9,9,12,1663147147
9,9,12,1663147147
9,9,12,1663147148
9,9,12,1663147148
9,9,12,1663147149
9,9,12,1663147149
9,9,12,1663147150
9,9,12,1663147150
9,9,12,1663147151
9,9,12,1663147151
9,9,12,1663147152
9,9,12,1663147152
9,9,12,1663147153
9,9,12,1663147153
9,9,12,1663147154
9,9,12,1663147154
9,9,12,1663147155
9,9,12,1663147155
9,9,12,1663147156
9,9,12,1663147156
9,9,12,1663147157
9,9,12,1663147157
9,9,12,1663147158
9,9,12,1663147158
9,9,12,1663147159
9,9,12,1663147159
9,9,12,1663147160
9,9,12,1663147160
9,9,12,1663147161
9,9,12,1663147161
9,9,12,1663147162
9,9,12,1663147162
9,9,12,1663147163
9,9,12,1663147163
9,9,12,1663147164
9,9,12,1663147164
9,9,12,1663147165
9,9,12,1663147165
9,9,12,1663147166
8,9,12,1663147166
8,9,12,1663147167
8,9,12,1663147167
8,9,12,1663147168
8,9,12,1663147168
8,9,12,1663147169
8,9,12,1663147169
8,9,12,1663147170
8,9,12,1663147170
8,9,12,1663147171
8,9,12,1663147171
8,9,12,1663147172
8,9,12,1663147172
8,9,12,1663147173
8,9,12,1663147173
8,9,12,1663147174
8,9,12,1663147174
8,9,12,1663147175
8,9,12,1663147175
8,9,12,1663147176
8,9,12,1663147176
8,9,12,1663147177
8,9,12,1663147177
8,9,12,1663147178
8,9,12,1663147178
8,9,12,1663147179
8,9,12,1663147179
8,9,12,1663147180
8,9,12,1663147180
8,9,12,1663147181
8,9,12,1663147181
8,9,12,1663147182
8,9,12,1663147182
8,9,12,1663147183
8,9,12,1663147183
8,9,12,1663147184
8,9,12,1663147184
7,9,12,1663147185
7,9,12,1663147185
7,9,12,1663147186
7,9,12,1663147186
7,9,12,1663147187
7,9,12,1663147187
7,9,12,1663147188
7,9,12,1663147188
7,9,12,1663147189
7,9,12,1663147189
7,9,12,1663147190
6,9,12,1663147190
6,9,12,1663147191
6,9,11,1663147191
6,9,11,1663147192
6,9,11,1663147192
6,9,11,1663147193
6,9,11,1663147193
6,9,11,1663147194
5,9,10,1663147194
5,9,10,1663147195
5,9,10,1663147195
5,9,10,1663147196
5,9,10,1663147196
5,9,10,1663147197
5,9,10,1663147197
5,9,10,1663147198
5,9,10,1663147198
5,9,10,1663147199
5,9,10,1663147199
5,9,10,1663147200
5,9,10,1663147200
5,9,10,1663147201
5,9,10,1663147201
5,9,10,1663147202
5,9,10,1663147202
5,9,10,1663147203
5,9,10,1663147203
5,9,10,1663147204
5,9,10,1663147204
5,9,10,1663147205
5,9,10,1663147205
5,9,10,1663147206
5,9,10,1663147206
5,9,10,1663147207
5,9,10,1663147207
5,9,10,1663147208
5,9,10,1663147208
5,9,10,1663147209
5,9,10,1663147209
5,9,10,1663147210
5,9,10,1663147210
5,9,10,1663147211
5,9,10,1663147211
5,9,10,1663147212
5,9,10,1663147212
5,9,10,1663147213
5,9,10,1663147213
5,9,10,1663147214
5,9,10,1663147214
5,9,10,1663147215
5,9,10,1663147215
5,9,10,1663147216
5,9,10,1663147216
5,9,10,1663147217
5,9,10,1663147217
5,9,10,1663147218
5,9,10,1663147218
5,9,10,1663147219
5,9,10,1663147219
5,9,10,1663147220
5,9,10,1663147220
5,9,10,1663147221
5,9,10,1663147221
5,9,10,1663147222
5,9,10,1663147222
5,9,10,1663147223
5,9,10,1663147223
5,9,10,1663147224
5,9,10,1663147224
5,9,10,1663147225
5,9,10,1663147225
5,9,10,1663147226
5,9,10,1663147226
5,9,10,1663147227
5,9,10,1663147227
5,9,10,1663147228
5,9,10,1663147228
5,9,10,1663147229
5,9,10,1663147229
5,9,10,1663147230
5,9,10,1663147230
5,9,10,1663147231
5,9,10,1663147231
5,9,10,1663147232
5,9,10,1663147232
5,9,10,1663147233
5,9,10,1663147233
5,9,10,1663147234
5,9,10,1663147234
5,9,10,1663147235
5,9,10,1663147235
5,9,10,1663147236
5,9,10,1663147236
5,9,10,1663147237
5,9,10,1663147237
5,9,10,1663147238
5,9,10,1663147238
5,9,10,1663147239
5,9,10,1663147239
5,9,10,1663147240
5,9,10,1663147240
5,9,10,1663147241
5,9,10,1663147241
5,9,10,1663147242
5,9,10,1663147242
5,9,10,1663147243
5,9,10,1663147243
5,9,10,1663147244
5,9,10,1663147244
5,9,10,1663147245
5,9,10,1663147245
5,9,10,1663147246
5,9,10,1663147246
5,9,10,1663147247
5,9,10,1663147247
5,9,10,1663147248
5,9,10,1663147248
5,9,10,1663147249
5,9,10,1663147249
5,9,10,1663147250
5,9,10,1663147250
5,9,10,1663147251
5,9,10,1663147251
5,9,10,1663147252
5,9,10,1663147252
5,9,10,1663147253
5,9,10,1663147253
5,9,10,1663147254
5,9,10,1663147254
5,9,10,1663147255
5,9,10,1663147255
5,9,10,1663147256
5,9,10,1663147256
5,9,10,1663147257
5,9,10,1663147257
5,9,10,1663147258
5,9,10,1663147258
5,9,10,1663147259
5,9,10,1663147259
5,9,10,1663147260
5,9,10,1663147260
5,9,10,1663147261
5,9,10,1663147261
5,9,10,1663147262
5,9,10,1663147262
5,9,10,1663147263
5,9,10,1663147263
5,9,10,1663147264
5,9,10,1663147264
5,9,10,1663147265
5,9,10,1663147265
5,9,10,1663147266
5,9,10,1663147266
5,9,10,1663147267
5,9,10,1663147267
5,9,10,1663147268
5,9,10,1663147268
5,9,10,1663147269
5,9,10,1663147269
5,9,10,1663147270
5,9,10,1663147270
5,9,10,1663147271
5,9,10,1663147271
5,9,10,1663147272
5,9,10,1663147272
5,9,10,1663147273
5,9,10,1663147273
5,9,10,1663147274
5,9,10,1663147274
5,9,10,1663147275
5,9,10,1663147275
5,9,10,1663147276
5,9,10,1663147276
5,9,10,1663147277
5,9,10,1663147277
5,9,10,1663147278
5,9,10,1663147278
5,9,10,1663147279
5,9,10,1663147279
5,9,10,1663147280
5,9,10,1663147280
5,9,10,1663147281
5,9,10,1663147281
5,9,10,1663147282
5,9,10,1663147282
5,9,10,1663147283
5,9,10,1663147283
5,9,10,1663147284
5,9,10,1663147284
5,9,10,1663147285
5,9,10,1663147285
5,9,10,1663147286
5,9,10,1663147286
5,9,10,1663147287
5,9,10,1663147287
5,9,10,1663147288
5,9,10,1663147288
5,9,10,1663147289
5,9,10,1663147289
5,9,10,1663147290
5,9,10,1663147290
5,9,10,1663147291
5,9,10,1663147291
5,9,10,1663147292
5,9,10,1663147292
5,9,10,1663147293
5,9,10,1663147293
5,9,10,1663147294
5,9,10,1663147294
5,9,10,1663147295
5,9,10,1663147295
5,9,10,1663147296
5,9,10,1663147296
5,9,10,1663147297
5,9,10,1663147297
5,9,10,1663147298
5,9,10,1663147298
5,9,10,1663147299
5,9,10,1663147299
5,9,10,1663147300
5,9,10,1663147300
5,9,10,1663147301
5,9,10,1663147301
5,9,10,1663147302
5,9,10,1663147302
5,9,10,1663147303
5,9,10,1663147303
5,9,10,1663147304
5,9,10,1663147304
5,9,10,1663147305
5,9,10,1663147305
5,9,10,1663147306
5,9,10,1663147306
5,9,10,1663147307
5,9,10,1663147307
5,9,10,1663147308
5,9,10,1663147308
5,9,10,1663147309
5,9,10,1663147309
5,9,10,1663147310
5,9,10,1663147310
5,9,10,1663147311
5,9,10,1663147311
5,9,10,1663147312
5,9,10,1663147312
5,9,10,1663147313
5,9,10,1663147313
5,9,10,1663147314
5,9,10,1663147314
5,9,10,1663147315
5,9,10,1663147315
5,9,10,1663147316
5,9,10,1663147316
5,9,10,1663147317
5,9,10,1663147317
5,9,10,1663147318
5,9,10,1663147318
5,9,10,1663147319
5,9,10,1663147319
5,9,10,1663147320
5,9,10,1663147320
5,9,10,1663147321
5,9,10,1663147321
5,9,10,1663147322
5,9,10,1663147322
5,9,10,1663147323
5,9,10,1663147323
5,9,10,1663147324
5,9,10,1663147324
5,9,10,1663147325
5,9,10,1663147325
5,9,10,1663147326
5,9,10,1663147326
5,9,10,1663147327
5,9,10,1663147327
5,9,10,1663147328
5,9,10,1663147328
5,9,10,1663147329
5,9,10,1663147329
5,9,10,1663147330
5,9,10,1663147330
5,9,10,1663147331
5,9,10,1663147331
5,9,10,1663147332
5,9,10,1663147332
5,9,10,1663147333
5,9,10,1663147333
5,9,10,1663147334
5,9,10,1663147334
5,9,10,1663147335
5,9,10,1663147335
5,9,10,1663147336
5,9,10,1663147336
5,9,10,1663147337
5,9,10,1663147337
5,9,10,1663147338
5,9,10,1663147338
5,9,10,1663147339
5,9,10,1663147339
5,9,10,1663147340
5,9,10,1663147340
5,9,10,1663147341
5,9,10,1663147341
5,9,10,1663147342
5,9,10,1663147342
5,9,10,1663147343
5,9,10,1663147343
5,9,10,1663147344
5,9,10,1663147344
5,9,10,1663147345
5,9,10,1663147345
5,9,10,1663147346
5,9,10,1663147346
5,9,10,1663147347
5,9,10,1663147347
5,9,10,1663147348
5,9,10,1663147348
5,9,10,1663147349
5,9,10,1663147349
5,9,10,1663147350
5,9,10,1663147350
5,9,10,1663147351
5,9,10,1663147351
5,9,10,1663147352
5,9,10,1663147352
5,9,10,1663147353
5,9,10,1663147353
5,9,10,1663147354
5,9,10,1663147354
5,9,10,1663147355
5,9,10,1663147355
5,9,10,1663147356
5,9,10,1663147356
5,9,10,1663147357
5,9,10,1663147357
5,9,10,1663147358
5,9,10,1663147358
5,9,10,1663147359
5,9,10,1663147359
5,9,10,1663147360
5,9,10,1663147360
5,9,10,1663147361
5,9,10,1663147361
5,9,10,1663147362
5,9,10,1663147362
5,9,10,1663147363
5,9,10,1663147363
5,9,10,1663147364
5,9,10,1663147364
5,9,10,1663147365
5,9,10,1663147365
5,9,10,1663147366
5,9,10,1663147366
5,9,10,1663147367
5,8,10,1663147367
5,8,10,1663147368
5,8,10,1663147368
5,8,10,1663147369
5,8,10,1663147369
5,8,10,1663147370
5,8,10,1663147370
5,8,10,1663147371
5,8,9,1663147371
5,8,9,1663147372
5,8,9,1663147372
5,8,9,1663147373
5,8,9,1663147373
5,8,9,1663147374
5,8,9,1663147374
5,8,9,1663147375
5,8,9,1663147375
4,8,9,1663147376
4,8,9,1663147376
4,8,9,1663147377
4,8,9,1663147377
4,8,9,1663147378
4,8,9,1663147378
4,8,9,1663147379
4,8,9,1663147379
4,8,9,1663147380
4,8,8,1663147380
4,8,8,1663147381
4,8,8,1663147381
4,8,8,1663147382
4,8,8,1663147382
4,8,8,1663147383
4,7,8,1663147383
4,7,8,1663147384
4,7,8,1663147384
4,7,8,1663147385
4,7,8,1663147385
4,7,8,1663147386
4,7,8,1663147386
4,7,8,1663147387
4,7,8,1663147387
4,7,8,1663147388
4,7,8,1663147388
4,7,8,1663147389
4,7,8,1663147389
4,7,8,1663147390
4,7,7,1663147390
4,7,7,1663147391
4,7,7,1663147391
4,7,7,1663147392
4,7,7,1663147392
4,7,7,1663147393
4,7,7,1663147393
4,7,7,1663147394
4,7,7,1663147394
4,7,7,1663147395
4,7,7,1663147395
4,7,7,1663147396
4,7,7,1663147396
4,7,7,1663147397
4,7,7,1663147397
4,7,7,1663147398
4,7,7,1663147398
4,7,7,1663147399
4,7,7,1663147399
4,7,7,1663147400
4,7,7,1663147400
4,7,7,1663147401
4,7,7,1663147401
4,7,7,1663147402
4,7,7,1663147402
4,7,7,1663147403
4,7,7,1663147403
4,7,7,1663147404
4,7,7,1663147404
4,7,7,1663147405
4,7,7,1663147405
4,7,7,1663147406
4,7,7,1663147406
4,7,7,1663147407
4,7,7,1663147407
4,7,7,1663147408
4,7,7,1663147408
4,7,7,1663147409
4,7,7,1663147409
4,7,7,1663147410
4,7,7,1663147410
4,7,7,1663147411
4,7,7,1663147411
4,7,7,1663147412
4,7,7,1663147412
4,7,7,1663147413
4,7,7,1663147413
4,7,7,1663147414
4,7,7,1663147414
4,7,7,1663147415
4,7,7,1663147415
4,7,7,1663147416
4,7,7,1663147416
4,7,7,1663147417
4,7,7,1663147417
4,7,7,1663147418
4,7,7,1663147418
4,7,7,1663147419
4,7,7,1663147419
4,7,7,1663147420
4,7,7,1663147420
4,7,7,1663147421
4,7,7,1663147421
4,7,7,1663147422
4,7,7,1663147422
4,7,7,1663147423
4,7,7,1663147423
4,7,7,1663147424
4,7,7,1663147424
4,7,7,1663147425
4,7,7,1663147425
4,7,7,1663147426
4,7,7,1663147426
4,7,7,1663147427
4,7,7,1663147427
4,7,7,1663147428
4,7,7,1663147428
4,7,7,1663147429
4,7,7,1663147429
4,7,7,1663147430
4,7,7,1663147430
4,7,7,1663147431
4,7,7,1663147431
4,7,7,1663147432
4,7,7,1663147432
4,7,7,1663147433
4,7,7,1663147433
4,7,7,1663147434
4,7,7,1663147434
4,7,7,1663147435
4,7,7,1663147435
4,7,7,1663147436
4,7,7,1663147436
4,7,7,1663147437
4,7,7,1663147437
4,7,7,1663147438
4,7,7,1663147438
4,7,7,1663147439
4,7,7,1663147439
4,7,7,1663147440
4,7,7,1663147440
4,7,7,1663147441
4,7,7,1663147441
4,7,7,1663147442
4,7,7,1663147442
4,7,7,1663147443
4,7,7,1663147443
4,7,7,1663147444
4,7,7,1663147444
4,7,7,1663147445
4,7,7,1663147445
4,7,7,1663147446
4,7,7,1663147446
4,7,7,1663147447
4,7,7,1663147447
4,7,7,1663147448
4,7,7,1663147448
4,7,7,1663147449
4,7,7,1663147449
4,7,7,1663147450
4,7,7,1663147450
4,7,7,1663147451
4,7,7,1663147451
4,7,7,1663147452
4,7,7,1663147452
4,7,7,1663147453
4,7,7,1663147453
4,7,7,1663147454
4,7,7,1663147454
4,7,7,1663147455
4,7,7,1663147455
4,7,7,1663147456
4,7,7,1663147456
4,7,7,1663147457
4,7,7,1663147457
4,7,7,1663147458
4,7,7,1663147458
4,7,7,1663147459
4,7,7,1663147459
4,7,7,1663147460
4,7,7,1663147460
4,7,7,1663147461
4,7,7,1663147461
4,7,7,1663147462
4,7,7,1663147462
4,7,7,1663147463
4,7,7,1663147463
4,7,7,1663147464
4,7,7,1663147464
4,7,7,1663147465
4,7,7,1663147465
4,7,7,1663147466
4,7,7,1663147466
4,7,7,1663147467
4,7,7,1663147467
4,7,7,1663147468
4,7,7,1663147468
4,7,7,1663147469
4,7,7,1663147469
4,7,7,1663147470
4,7,7,1663147470
4,7,7,1663147471
4,7,7,1663147471
4,7,7,1663147472
4,7,7,1663147472
4,7,7,1663147473
4,7,7,1663147473
4,7,7,1663147474
4,7,7,1663147474
4,7,7,1663147475
4,7,7,1663147475
4,7,7,1663147476
4,7,7,1663147476
4,7,7,1663147477
4,7,7,1663147477
4,7,7,1663147478
4,7,7,1663147478
4,7,7,1663147479
4,7,7,1663147479
4,7,7,1663147480
4,7,7,1663147480
4,7,7,1663147481
4,7,7,1663147481
4,7,7,1663147482
4,7,7,1663147482
4,7,7,1663147483
4,7,7,1663147483
4,7,7,1663147484
4,7,7,1663147484
4,7,7,1663147485
4,7,7,1663147485
4,7,7,1663147486
4,7,7,1663147486
4,7,7,1663147487
4,7,7,1663147487
4,7,7,1663147488
4,7,7,1663147488
4,7,7,1663147489
4,7,7,1663147489
4,7,7,1663147490
4,7,7,1663147490
4,7,7,1663147491
4,7,7,1663147491
4,7,7,1663147492
4,7,7,1663147492
4,7,7,1663147493
4,7,7,1663147493
4,7,7,1663147494
4,7,7,1663147494
4,7,7,1663147495
4,7,7,1663147495
4,7,7,1663147496
4,7,7,1663147496
4,7,7,1663147497
4,7,7,1663147497
4,7,7,1663147498
4,7,7,1663147498
4,7,7,1663147499
4,7,7,1663147499
4,7,7,1663147500
4,7,7,1663147500
4,7,7,1663147501
4,7,7,1663147501
4,7,7,1663147502
4,7,7,1663147502
4,7,7,1663147503
4,7,7,1663147503
4,7,7,1663147504
4,7,7,1663147504
4,7,7,1663147505
4,7,7,1663147505
4,7,7,1663147506
4,7,7,1663147506
4,7,7,1663147507
4,7,7,1663147507
4,7,7,1663147508
4,7,7,1663147508
4,7,7,1663147509
4,7,7,1663147509
4,7,7,1663147510
4,7,7,1663147510
4,7,7,1663147511
4,7,7,1663147511
4,7,7,1663147512
4,7,7,1663147512
4,7,7,1663147513
4,7,7,1663147513
4,7,7,1663147514
4,7,7,1663147514
4,7,7,1663147515
4,7,7,1663147515
4,7,7,1663147516
4,7,7,1663147516
4,7,7,1663147517
4,7,7,1663147517
4,7,7,1663147518
4,7,7,1663147518
4,7,7,1663147519
4,7,7,1663147519
4,7,7,1663147520
4,7,7,1663147520
4,7,7,1663147521
4,7,7,1663147521
4,7,7,1663147522
4,7,7,1663147522
4,7,7,1663147523
4,7,7,1663147523
4,7,7,1663147524
4,7,7,1663147524
4,7,7,1663147525
4,7,7,1663147525
4,7,7,1663147526
4,7,7,1663147526
4,7,7,1663147527
4,7,7,1663147527
4,7,7,1663147528
4,7,7,1663147528
4,7,7,1663147529
4,7,7,1663147529
4,7,7,1663147530
4,7,7,1663147530
4,7,7,1663147531
4,7,7,1663147531
4,7,7,1663147532
4,7,7,1663147532
4,7,7,1663147533
4,7,7,1663147533
4,7,7,1663147534
4,7,7,1663147534
4,7,7,1663147535
4,7,7,1663147535
4,7,7,1663147536
3,7,7,1663147536
3,7,7,1663147537
3,7,7,1663147537
3,7,7,1663147538
3,7,7,1663147538
3,7,7,1663147539
3,7,7,1663147539
3,7,7,1663147540
3,7,7,1663147540
3,7,7,1663147541
3,7,7,1663147541
3,7,7,1663147542
3,7,7,1663147542
3,7,7,1663147543
3,7,7,1663147543
3,7,7,1663147544
3,7,7,1663147544
3,7,7,1663147545
3,6,7,1663147545
2,6,7,1663147546
2,6,7,1663147546
2,6,7,1663147547
2,6,7,1663147547
2,6,7,1663147548
2,6,7,1663147548
2,6,7,1663147549
2,6,7,1663147549
2,6,7,1663147550
2,6,7,1663147550
2,6,7,1663147551
2,6,7,1663147551
2,6,7,1663147552
2,6,7,1663147552
2,6,7,1663147553
2,6,7,1663147553
2,6,7,1663147554
2,6,7,1663147554
2,6,7,1663147555
2,6,7,1663147555
2,6,7,1663147556
2,6,7,1663147556
2,6,7,1663147557
2,6,7,1663147557
2,6,7,1663147558
2,6,7,1663147558
2,6,7,1663147559
2,6,7,1663147559
2,6,7,1663147560
2,6,7,1663147560
2,6,7,1663147561
2,6,7,1663147561
2,6,7,1663147562
2,6,7,1663147562
2,6,7,1663147563
2,6,7,1663147563
2,6,7,1663147564
2,6,7,1663147564
2,6,7,1663147565
2,6,7,1663147565
2,6,7,1663147566
2,6,7,1663147566
2,6,7,1663147567
2,6,7,1663147567
2,6,7,1663147568
2,6,7,1663147568
2,6,7,1663147569
2,6,7,1663147569
2,6,7,1663147570
2,6,7,1663147570
2,6,7,1663147571
2,6,7,1663147571
2,6,7,1663147572
2,6,7,1663147572
2,6,7,1663147573
2,6,6,1663147573
2,6,6,1663147574
2,6,6,1663147574
2,6,6,1663147575
2,6,6,1663147575
2,6,6,1663147576
2,6,6,1663147576
2,6,6,1663147577
2,6,6,1663147577
2,6,6,1663147578
2,6,6,1663147578
2,6,6,1663147579
2,6,6,1663147579
2,6,6,1663147580
2,6,6,1663147580
2,6,6,1663147581
2,6,6,1663147581
2,6,6,1663147582
2,6,6,1663147582
2,6,6,1663147583
2,6,6,1663147583
2,6,6,1663147584
2,6,6,1663147584
2,6,6,1663147585
2,6,6,1663147585
2,6,6,1663147586
2,6,6,1663147586
2,6,6,1663147587
2,6,6,1663147587
2,6,6,1663147588
2,6,6,1663147588
2,6,6,1663147589
2,6,6,1663147589
2,6,6,1663147590
2,6,6,1663147590
2,6,6,1663147591
2,6,6,1663147591
2,6,6,1663147592
1,6,6,1663147592
1,6,6,1663147593
1,6,6,1663147593
1,6,6,1663147594
1,6,6,1663147594
1,6,6,1663147595
1,6,6,1663147595
1,6,6,1663147596
1,6,6,1663147596
1,6,6,1663147597
1,6,6,1663147597
1,6,6,1663147598
1,6,6,1663147598
1,6,6,1663147599
1,6,6,1663147599
1,6,6,1663147600
1,6,6,1663147600
1,6,6,1663147601
1,6,6,1663147601
1,6,6,1663147602
1,6,6,1663147602
1,6,6,1663147603
1,6,6,1663147603
1,6,6,1663147604
1,6,6,1663147604
1,6,6,1663147605
1,6,6,1663147605
1,6,6,1663147606
1,6,6,1663147606
1,6,6,1663147607
1,6,6,1663147607
1,6,6,1663147608
1,6,6,1663147608
1,6,6,1663147609
1,6,6,1663147609
1,6,6,1663147610
1,6,6,1663147610
1,6,6,1663147611
1,6,6,1663147611
1,6,6,1663147612
1,6,6,1663147612
1,6,6,1663147613
1,6,6,1663147613
1,6,6,1663147614
1,6,6,1663147614
1,6,6,1663147615
1,6,6,1663147615
1,6,6,1663147616
1,6,6,1663147616
1,6,6,1663147617
1,6,6,1663147617
1,6,6,1663147618
1,6,6,1663147618
1,6,6,1663147619
1,6,6,1663147619
1,6,6,1663147620
1,6,6,1663147620
1,6,6,1663147621
1,6,6,1663147621
1,6,6,1663147622
1,6,6,1663147622
1,6,6,1663147623
1,6,6,1663147623
1,6,6,1663147624
1,6,6,1663147624
1,6,6,1663147625
1,6,6,1663147625
1,6,6,1663147626
1,6,6,1663147626
1,6,6,1663147627
1,6,6,1663147627
1,6,6,1663147628
1,6,6,1663147628
1,6,6,1663147629
1,6,6,1663147629
1,6,6,1663147630
1,6,6,1663147630
1,6,6,1663147631
1,6,6,1663147631
1,6,6,1663147632
1,6,6,1663147632
1,6,6,1663147633
1,6,6,1663147633
1,6,6,1663147634
1,6,6,1663147634
1,6,6,1663147635
1,6,6,1663147635
1,6,6,1663147636
1,6,6,1663147636
1,6,6,1663147637
1,6,6,1663147637
1,6,6,1663147638
1,6,6,1663147638
1,6,6,1663147639
1,6,6,1663147639
1,6,6,1663147640
1,6,6,1663147640
1,6,6,1663147641
1,6,6,1663147641
1,6,6,1663147642
1,6,6,1663147642
1,6,6,1663147643
1,6,6,1663147643
1,6,6,1663147644
1,6,6,1663147644
1,6,6,1663147645
1,6,6,1663147645
1,6,6,1663147646
1,6,6,1663147646
1,6,6,1663147647
1,6,6,1663147647
1,6,6,1663147648
1,6,6,1663147648
1,6,6,1663147649
1,6,6,1663147649
1,6,6,1663147650
1,6,6,1663147650
1,6,6,1663147651
1,6,6,1663147651
1,6,6,1663147652
1,6,6,1663147652
1,6,6,1663147653
1,6,6,1663147653
1,6,6,1663147654
1,6,6,1663147654
1,6,6,1663147655
1,6,6,1663147655
1,6,6,1663147656
1,6,6,1663147656
1,6,6,1663147657
1,6,6,1663147657
1,6,6,1663147658
1,6,6,1663147658
1,6,6,1663147659
1,6,6,1663147659
1,6,6,1663147660
1,6,6,1663147660
1,6,6,1663147661
1,6,6,1663147661
1,6,6,1663147662
1,6,6,1663147662
1,6,6,1663147663
1,6,6,1663147663
1,6,6,1663147664
1,6,6,1663147664
1,6,6,1663147665
1,6,6,1663147665
1,6,6,1663147666
1,6,6,1663147666
1,6,6,1663147667
1,6,6,1663147667
1,6,6,1663147668
1,6,6,1663147668
1,6,6,1663147669
1,6,6,1663147669
1,6,6,1663147670
1,6,6,1663147670
1,6,6,1663147671
1,6,6,1663147671
1,6,6,1663147672
1,6,6,1663147672
1,6,6,1663147673
1,6,6,1663147673
1,6,6,1663147674
1,6,6,1663147674
1,6,6,1663147675
1,6,6,1663147675
1,6,6,1663147676
1,6,6,1663147676
1,6,6,1663147677
1,6,6,1663147677
1,6,6,1663147678
1,6,6,1663147678
1,6,6,1663147679
1,5,6,1663147679
1,5,6,1663147680
1,4,6,1663147680
1,4,6,1663147681
1,4,6,1663147681
1,4,6,1663147682
1,4,6,1663147682
1,4,6,1663147683
1,4,6,1663147683
1,4,6,1663147684
1,4,6,1663147684
1,4,6,1663147685
1,4,6,1663147685
1,4,6,1663147686
1,4,6,1663147686
1,4,6,1663147687
1,4,6,1663147687
1,4,6,1663147688
1,4,6,1663147688
1,4,6,1663147689
1,4,6,1663147689
1,4,6,1663147690
1,4,6,1663147690
1,4,6,1663147691
1,4,6,1663147691
1,4,6,1663147692
1,4,6,1663147692
1,4,6,1663147693
1,4,6,1663147693
1,4,6,1663147694
1,4,6,1663147694
1,4,6,1663147695
1,4,6,1663147695
1,4,6,1663147696
1,4,6,1663147696
1,4,6,1663147697
1,4,6,1663147697
1,4,5,1663147698
1,4,5,1663147698
1,4,5,1663147699
1,4,5,1663147699
1,4,5,1663147700
1,4,5,1663147700
1,4,5,1663147701
1,4,5,1663147701
1,4,5,1663147702
1,4,5,1663147702
1,4,5,1663147703
1,4,5,1663147703
1,4,5,1663147704
1,4,5,1663147704
1,4,5,1663147705
1,4,5,1663147705
1,4,5,1663147706
1,4,5,1663147706
1,4,5,1663147707
1,4,5,1663147707
1,4,5,1663147708
1,4,5,1663147708
1,4,5,1663147709
1,4,5,1663147709
1,4,5,1663147710
1,4,5,1663147710
1,4,5,1663147711
1,4,5,1663147711
1,4,5,1663147712
1,4,5,1663147712
1,4,5,1663147713
1,4,5,1663147713
1,4,5,1663147714
1,4,5,1663147714
1,4,5,1663147715
1,4,5,1663147715
1,4,5,1663147716
1,4,5,1663147716
1,4,5,1663147717
1,4,5,1663147717
1,4,5,1663147718
1,4,5,1663147718
1,4,5,1663147719
1,4,5,1663147719
1,4,5,1663147720
1,4,5,1663147720
1,4,5,1663147721
1,4,5,1663147721
1,4,5,1663147722
1,4,5,1663147722
1,4,5,1663147723
1,4,5,1663147723
1,4,5,1663147724
1,4,5,1663147724
1,4,5,1663147725
1,4,5,1663147725
1,4,5,1663147726
1,4,5,1663147726
1,4,5,1663147727
1,4,5,1663147727
1,4,5,1663147728
1,4,5,1663147728
1,4,5,1663147729
1,4,5,1663147729
1,4,5,1663147730
1,4,5,1663147730
1,4,5,1663147731
0,4,5,1663147731
0,4,5,1663147732
0,4,5,1663147732
0,4,5,1663147733
0,4,5,1663147733
0,4,5,1663147734
0,4,5,1663147734
0,4,5,1663147735
0,4,5,1663147735
0,4,5,1663147736
0,4,4,1663147736
0,4,4,1663147737
0,4,4,1663147737
0,4,4,1663147738
0,4,4,1663147738
0,4,4,1663147739
0,4,4,1663147739
0,4,4,1663147740
0,4,4,1663147740
0,4,4,1663147741
0,4,4,1663147741
0,4,4,1663147742
0,4,4,1663147742
0,4,4,1663147743
0,4,4,1663147743
0,4,4,1663147744
0,4,4,1663147744
0,4,4,1663147745
0,4,4,1663147745
0,4,4,1663147746
0,4,4,1663147746
0,4,4,1663147747
0,4,4,1663147747
0,4,4,1663147748
0,4,4,1663147748
0,4,4,1663147749
0,4,4,1663147749
0,4,4,1663147750
0,4,4,1663147750
0,4,4,1663147751
0,4,4,1663147751
0,4,4,1663147752
0,4,4,1663147752
0,4,4,1663147753
0,4,4,1663147753
0,4,4,1663147754
0,4,4,1663147754
0,4,4,1663147755
0,4,4,1663147755
0,4,4,1663147756
0,4,4,1663147756
0,4,4,1663147757
0,4,4,1663147757
0,4,4,1663147758
0,4,4,1663147758
0,4,4,1663147759
0,4,4,1663147759
0,4,4,1663147760
0,4,4,1663147760
0,4,4,1663147761
0,4,4,1663147761
0,4,4,1663147762
0,4,4,1663147762
0,4,4,1663147763
0,4,4,1663147763
0,4,4,1663147764
0,4,4,1663147764
0,4,4,1663147765
0,4,4,1663147765
0,4,4,1663147766
0,4,4,1663147766
0,4,4,1663147767
0,4,4,1663147767
0,4,4,1663147768
0,4,4,1663147768
0,4,4,1663147769
0,4,4,1663147769
0,4,4,1663147770
0,4,4,1663147770
0,4,4,1663147771
0,4,4,1663147771
0,4,4,1663147772
0,4,4,1663147772
0,4,4,1663147773
0,4,4,1663147773
0,4,4,1663147774
0,4,4,1663147774
0,4,4,1663147775
0,4,4,1663147775
0,4,4,1663147776
0,4,4,1663147776
0,4,4,1663147777
0,4,4,1663147777
0,4,4,1663147778
0,4,4,1663147778
0,4,4,1663147779
0,4,4,1663147779
0,4,4,1663147780
0,4,4,1663147780
0,4,4,1663147781
0,4,4,1663147781
0,4,4,1663147782
0,4,4,1663147782
0,4,4,1663147783
0,4,4,1663147783
0,4,4,1663147784
0,4,4,1663147784
0,4,4,1663147785
0,4,4,1663147785
0,4,4,1663147786
0,4,4,1663147786
0,4,4,1663147787
0,4,4,1663147787
0,4,4,1663147788
0,4,4,1663147788
0,4,4,1663147789
0,4,4,1663147789
0,4,4,1663147790
0,4,4,1663147790
0,4,4,1663147791
0,4,4,1663147791
0,4,4,1663147792
0,4,4,1663147792
0,4,4,1663147793
0,4,4,1663147793
0,4,4,1663147794
0,4,4,1663147794
0,4,4,1663147795
0,4,4,1663147795
0,4,4,1663147796
0,4,4,1663147796
0,4,4,1663147797
0,4,4,1663147797
0,4,4,1663147798
0,4,4,1663147798
0,4,4,1663147799
0,4,4,1663147799
0,4,4,1663147800
0,4,4,1663147800
0,4,4,1663147801
0,4,4,1663147801
0,4,4,1663147802
0,4,4,1663147802
0,4,4,1663147803
0,4,4,1663147803
0,4,4,1663147804
0,4,4,1663147804
0,4,4,1663147805
0,4,4,1663147805
0,4,4,1663147806
0,4,4,1663147806
0,4,4,1663147807
0,4,4,1663147807
0,4,4,1663147808
0,4,4,1663147808
0,4,4,1663147809
0,4,4,1663147809
0,4,4,1663147810
0,4,4,1663147810
0,4,4,1663147811
0,4,4,1663147811
0,4,4,1663147812
0,4,4,1663147812
0,4,4,1663147813
0,4,4,1663147813
0,4,4,1663147814
0,4,4,1663147814
0,4,4,1663147815
0,4,4,1663147815
0,4,4,1663147816
0,4,4,1663147816
0,4,4,1663147817
0,4,4,1663147817
0,4,4,1663147818
0,4,4,1663147818
0,4,4,1663147819
0,4,4,1663147819
0,4,4,1663147820
0,4,4,1663147820
0,4,4,1663147821
0,4,4,1663147821
0,4,4,1663147822
0,4,4,1663147822
0,4,4,1663147823
0,4,4,1663147823
0,4,4,1663147824
0,4,4,1663147824
0,4,4,1663147825
0,4,4,1663147825
0,4,4,1663147826
0,4,4,1663147826
0,4,4,1663147827
0,4,4,1663147827
0,4,4,1663147828
0,4,4,1663147828
0,4,4,1663147829
0,4,4,1663147829
0,4,4,1663147830
0,4,4,1663147830
0,4,4,1663147831
0,4,4,1663147831
0,4,4,1663147832
0,4,4,1663147832
0,4,4,1663147833
0,4,4,1663147833
0,4,4,1663147834
0,4,4,1663147834
0,4,4,1663147835
0,4,4,1663147835
0,4,4,1663147836
0,4,4,1663147836
0,4,4,1663147837
0,4,4,1663147837
0,4,4,1663147838
0,3,4,1663147838
0,3,4,1663147839
0,3,4,1663147839
0,3,4,1663147840
0,3,4,1663147840
0,3,4,1663147841
0,3,4,1663147841
0,3,4,1663147842
0,3,3,1663147842
0,3,3,1663147843
0,3,3,1663147843
0,3,3,1663147844
0,3,3,1663147844
0,3,3,1663147845
0,3,3,1663147845
0,3,3,1663147846
0,3,3,1663147846
0,3,3,1663147847
0,3,3,1663147847
0,3,3,1663147848
0,3,3,1663147848
0,3,3,1663147849
0,3,3,1663147849
0,3,3,1663147850
0,3,3,1663147850
0,3,3,1663147851
0,3,3,1663147851
0,3,3,1663147852
0,3,3,1663147852
0,3,3,1663147853
0,3,3,1663147853
0,3,3,1663147854
0,3,3,1663147854
0,3,3,1663147855
0,3,3,1663147855
0,3,3,1663147856
0,3,3,1663147856
0,3,3,1663147857
0,3,3,1663147857
0,3,3,1663147858
0,3,3,1663147858
0,3,3,1663147859
0,3,3,1663147859
0,3,3,1663147860
0,3,3,1663147860
0,3,3,1663147861
0,3,3,1663147861
0,3,3,1663147862
0,3,3,1663147862
0,3,3,1663147863
0,3,3,1663147863
0,3,3,1663147864
0,3,3,1663147864
0,3,3,1663147865
0,3,3,1663147865
0,3,3,1663147866
0,3,3,1663147866
0,3,3,1663147867
0,3,3,1663147867
0,3,3,1663147868
0,3,3,1663147868
