items_a,items_b,items_c
10,14,6
10,14,6
10,14,6
10,14,6
10,14,6
10,14,6
10,14,6
10,14,6
10,14,6
10,14,6
10,14,6
10,14,6
10,14,6
10,14,6
10,14,6
10,14,6
10,14,6
10,14,6
10,14,6
10,14,6
10,14,6
10,14,6
10,14,6
10,14,6
10,14,6
10,14,6
10,14,6
10,14,6
10,14,6
10,14,6
10,14,6
10,14,6
10,14,6
10,14,6
10,14,6
10,14,6
10,14,6
10,14,6
10,14,6
10,14,6
10,14,6
10,14,6
10,14,6
10,14,6
10,14,6
10,14,6
10,14,6
10,14,6
10,14,6
10,14,6
10,14,6
10,14,6
10,14,6
10,14,6
10,14,6
10,14,6
10,14,6
10,14,6
10,14,6
10,14,6
10,14,6
10,14,6
10,14,6
10,14,6
10,14,6
10,14,6
10,14,6
10,14,6
10,14,6
10,14,6
10,14,6
10,14,6
10,14,6
10,14,6
10,14,6
10,14,6
10,14,6
10,14,6
10,14,6
10,14,6
10,14,6
10,14,6
10,14,6
10,14,6
10,14,6
10,14,6
10,14,6
10,14,6
10,14,6
10,14,6
10,14,6
10,14,6
10,14,6
10,14,6
10,14,6
10,14,6
10,14,6
10,14,6
10,14,6
10,14,6
10,14,6
10,14,6
10,14,6
10,14,6
10,14,6
10,14,6
10,14,6
10,14,6
10,14,6
10,14,6
10,13,6
10,13,6
10,13,6
10,13,6
10,13,6
10,13,6
10,13,6
10,13,6
10,13,6
10,13,6
10,13,6
10,13,6
10,13,6
10,13,6
10,13,6
10,13,6
10,13,6
10,13,6
10,13,6
10,13,6
10,13,6
10,13,6
10,13,6
10,13,6
10,13,6
10,13,6
10,13,6
10,13,6
10,13,6
10,13,6
10,13,6
10,13,6
10,13,6
10,13,6
10,13,6
10,13,6
10,13,6
10,13,6
10,13,6
10,13,6
10,13,6
10,13,6
10,13,6
10,13,6
10,13,6
10,13,6
10,13,6
10,13,6
10,13,6
10,13,6
10,12,6
10,12,6
10,12,6
10,12,6
10,12,6
10,12,6
10,12,6
10,12,6
10,12,6
10,12,6
10,12,6
10,12,6
10,12,6
10,12,6
10,12,6
10,12,6
10,12,6
10,12,6
10,12,6
10,12,6
10,12,6
10,12,6
10,12,6
10,12,6
10,12,6
10,12,6
10,12,6
10,12,6
10,12,6
10,12,6
10,12,6
10,12,6
10,12,6
10,12,6
10,12,6
10,12,6
10,12,6
10,12,6
10,12,6
10,12,6
10,12,6
10,12,6
10,12,6
10,12,6
10,12,6
10,12,6
10,12,6
10,12,6
10,12,6
10,12,6
10,12,6
10,12,6
10,12,6
10,12,6
10,12,6
10,12,6
10,12,6
10,12,6
10,12,6
10,12,6
10,12,6
10,12,6
10,12,6
10,12,6
10,12,6
10,12,6
10,12,6
10,12,6
10,12,6
10,12,6
10,11,6
10,11,5
10,11,5
10,11,5
10,11,5
10,11,5
10,11,5
10,11,5
10,11,5
10,11,5
10,11,5
10,11,5
10,11,5
10,11,5
10,11,5
10,11,5
10,11,5
10,11,5
10,10,5
10,10,5
10,10,5
10,10,5
10,10,5
10,10,5
10,10,5
10,10,5
10,10,5
10,10,5
10,10,5
10,10,5
10,10,5
10,10,5
10,10,5
10,10,5
10,10,5
10,10,5
10,10,5
10,10,5
10,10,5
10,10,5
10,10,5
10,10,5
10,10,5
10,10,5
10,10,5
10,10,5
10,10,5
10,10,5
10,10,5
10,10,5
10,10,5
10,10,5
10,10,5
10,10,5
10,10,5
10,10,5
10,10,5
10,10,5
10,10,5
10,10,5
10,10,5
10,10,5
10,10,5
10,10,5
10,10,5
10,10,5
10,10,5
10,10,5
10,10,5
10,10,5
10,10,5
10,10,5
10,10,5
10,10,5
10,10,5
10,10,5
10,10,5
10,10,5
10,10,5
10,10,5
10,10,5
10,10,5
10,10,5
10,10,5
10,10,5
10,10,5
10,10,5
10,10,5
10,10,5
10,10,5
10,10,5
10,10,5
10,10,5
10,10,5
10,10,5
10,10,5
10,10,5
10,10,5
10,10,5
10,10,5
10,10,5
10,10,5
10,10,5
10,10,5
10,10,5
10,10,5
10,10,5
10,10,5
10,10,5
10,10,5
10,10,5
10,10,5
10,10,5
10,10,5
10,10,5
10,10,5
10,10,5
10,10,5
10,10,5
10,10,5
10,10,5
10,10,5
10,10,5
10,10,5
10,10,5
10,10,5
10,10,5
10,10,5
10,10,5
10,10,5
10,10,5
10,10,5
10,10,5
10,10,5
10,10,5
10,10,5
10,10,5
10,10,5
10,10,5
10,10,5
10,10,5
10,10,5
10,10,5
10,10,5
10,10,5
10,10,5
10,10,5
10,10,5
10,10,5
10,10,5
10,10,5
10,10,5
10,10,5
10,10,5
10,10,5
10,10,5
10,10,5
10,10,5
10,10,5
10,10,5
10,10,5
10,10,5
10,10,5
10,10,5
10,10,5
10,10,5
10,10,5
10,10,5
10,10,5
10,10,5
10,10,5
10,10,5
10,10,5
10,10,5
10,10,5
10,10,5
10,10,5
10,10,5
10,10,5
10,10,5
10,10,5
10,10,5
10,10,5
10,10,5
10,10,5
10,10,5
10,10,5
10,10,5
10,10,5
10,10,5
10,10,5
10,10,5
10,10,5
10,10,5
10,10,5
10,10,5
10,10,5
10,10,5
10,10,5
10,10,5
10,10,5
10,10,5
10,10,5
10,10,5
10,10,5
10,10,5
10,10,5
10,10,5
10,10,5
10,10,5
10,10,5
10,10,5
10,10,5
10,10,5
10,10,5
10,10,5
10,10,5
10,10,5
10,10,5
10,10,5
10,10,5
10,10,5
10,10,5
10,10,5
10,10,5
10,10,5
10,10,5
10,10,5
10,10,5
10,10,5
10,10,5
10,10,5
10,10,5
10,10,5
10,10,5
10,10,5
10,10,5
10,10,5
10,10,5
10,10,5
10,10,5
10,10,5
10,10,5
10,10,5
10,10,5
10,10,5
10,10,5
10,10,5
10,10,5
10,10,5
10,10,5
10,10,5
10,10,5
10,10,5
10,10,5
10,10,5
10,10,5
10,10,5
10,10,5
10,10,5
10,10,5
10,10,5
10,10,5
10,10,5
10,10,5
10,10,5
10,10,5
10,10,5
10,10,5
10,10,5
10,10,5
10,10,5
10,10,5
10,10,5
10,10,5
10,10,5
10,10,5
10,10,5
10,10,5
10,10,5
10,10,5
10,10,5
10,10,5
10,10,5
10,10,5
10,10,5
10,10,5
10,10,5
10,10,5
10,10,5
10,10,5
10,10,5
10,10,5
10,10,5
10,10,5
10,10,5
10,10,5
10,10,5
10,10,5
9,10,5
9,10,5
9,10,5
9,10,5
9,10,5
9,10,5
9,10,5
9,10,5
9,10,5
9,10,5
9,10,5
9,10,5
9,10,5
9,10,5
9,10,5
9,10,5
9,10,5
9,10,5
9,10,5
9,10,5
9,10,5
9,10,5
9,10,5
9,10,5
9,10,5
9,10,5
9,10,5
9,10,5
9,10,5
9,10,5
9,10,5
9,10,5
9,10,5
8,10,5
8,10,5
8,10,5
8,10,5
8,10,5
8,9,5
8,9,5
8,9,5
8,9,5
8,9,5
8,9,5
8,9,5
8,9,5
8,9,5
8,9,5
8,9,5
8,9,5
8,9,5
8,9,5
8,9,5
8,9,5
8,9,5
8,9,5
8,9,5
8,9,5
8,9,5
8,9,5
8,9,5
8,9,5
8,9,5
8,8,5
8,8,5
8,8,5
8,8,5
8,8,5
8,8,5
8,8,5
8,8,5
8,8,5
8,8,5
8,8,5
8,8,5
8,8,5
8,8,5
8,8,5
8,8,5
8,8,5
8,8,5
8,8,5
8,8,5
8,8,5
8,8,5
8,8,5
8,8,5
8,8,5
8,8,5
8,8,5
8,8,5
8,8,5
8,8,5
8,8,5
8,8,5
8,8,5
8,8,5
8,8,5
8,8,5
8,8,5
8,8,5
8,8,5
8,8,5
8,8,5
8,8,5
8,8,5
8,8,5
8,8,5
8,8,5
8,8,5
8,8,5
8,8,5
8,8,5
8,8,5
8,8,5
8,8,5
8,8,5
8,8,5
8,8,5
8,8,5
8,8,5
8,8,5
8,8,5
8,8,5
8,8,5
8,8,5
8,8,5
8,8,5
8,8,5
8,8,5
8,8,5
8,8,5
8,8,5
8,8,5
8,8,5
8,8,5
8,8,5
8,8,5
8,8,5
8,8,5
8,8,5
8,8,5
8,8,5
8,8,5
8,8,5
8,8,5
8,8,5
8,8,5
8,8,5
8,8,5
8,8,5
8,8,5
8,8,5
8,8,5
8,8,5
8,8,5
8,8,5
8,8,5
8,8,5
8,8,5
8,8,5
8,8,5
8,8,5
8,8,5
8,8,5
8,8,5
8,8,5
8,8,5
8,8,5
8,8,5
8,8,5
8,8,5
8,8,5
8,8,5
8,8,5
8,8,5
8,8,5
8,8,5
8,8,5
8,8,5
8,8,5
8,8,5
8,8,5
8,8,5
8,8,5
8,8,5
8,8,5
7,8,5
7,8,5
7,8,5
7,8,5
7,8,5
7,8,5
7,8,5
7,8,5
7,8,5
7,8,5
7,8,5
7,8,5
7,8,5
7,8,5
7,8,5
7,8,5
7,8,5
7,8,5
7,8,5
7,8,5
7,8,5
7,8,5
7,8,5
7,8,5
7,8,5
7,8,5
7,8,5
7,8,5
7,8,5
7,8,5
7,7,5
7,7,5
7,7,5
7,7,5
7,7,5
7,7,5
7,7,5
7,7,5
7,7,5
7,7,5
7,7,5
7,7,5
7,7,5
7,7,5
7,7,5
7,7,5
7,7,5
7,7,5
7,7,5
7,7,5
7,7,5
7,7,5
7,7,5
7,7,5
7,7,5
7,7,5
7,7,5
7,7,5
7,7,5
7,7,5
7,7,5
7,7,5
7,7,5
7,7,5
7,7,5
7,7,5
7,7,5
7,7,5
7,7,5
7,7,5
7,7,5
7,7,5
7,7,5
7,7,5
7,7,5
7,7,5
7,7,5
7,7,5
7,7,5
7,7,5
7,7,5
7,7,5
7,7,5
7,7,5
7,7,5
6,7,5
6,7,5
6,7,5
6,7,5
6,7,5
6,7,5
6,7,5
6,7,5
6,7,5
6,7,5
6,7,5
6,6,5
6,6,5
6,6,5
6,6,5
6,6,5
6,6,5
6,6,5
6,6,5
6,6,5
6,6,5
6,6,5
6,6,5
6,6,5
6,6,5
6,6,5
6,6,5
6,6,5
6,6,5
6,6,5
6,6,5
6,6,5
6,6,5
6,6,5
6,6,5
5,6,5
5,6,5
5,6,5
5,6,5
5,6,5
5,6,5
5,6,5
4,6,5
4,6,5
4,6,5
4,6,5
4,6,5
4,6,5
4,6,5
4,6,5
4,6,5
4,6,5
4,6,5
4,6,5
4,6,5
4,6,5
4,6,5
4,6,5
4,6,5
4,6,5
4,6,5
4,6,5
4,6,5
4,6,5
4,6,5
4,6,5
4,6,5
4,6,5
4,6,5
4,6,5
4,6,5
4,6,5
4,6,5
4,6,5
4,6,5
4,6,5
4,6,5
4,6,5
4,6,5
4,6,5
4,6,5
4,6,5
4,6,5
4,6,5
4,6,5
4,6,5
4,6,5
4,6,5
4,6,5
4,6,5
4,6,5
4,6,5
4,6,5
4,6,5
4,6,5
4,6,5
4,6,5
4,5,5
4,5,5
4,5,5
4,5,5
4,5,5
4,5,5
4,5,5
4,5,5
4,5,5
4,5,5
4,5,5
4,5,5
4,5,5
4,5,5
4,5,5
4,5,5
4,5,5
4,5,5
4,5,5
4,5,5
4,5,5
4,5,5
4,5,5
4,5,5
4,5,5
4,5,5
4,5,5
4,5,5
4,5,5
4,5,5
4,5,5
4,5,5
4,5,5
4,5,5
4,5,5
4,5,5
4,5,5
4,5,5
4,5,5
4,5,5
4,5,5
4,5,5
4,5,5
4,5,5
4,5,5
4,5,5
4,5,5
4,5,5
4,5,5
4,5,5
4,5,5
4,5,5
4,5,5
4,5,5
4,5,5
4,5,5
4,5,5
4,5,5
4,5,5
4,5,5
4,5,5
4,5,5
4,5,5
4,5,5
4,5,5
4,5,5
4,5,5
4,5,5
4,5,5
4,5,5
4,5,5
4,5,5
4,5,5
4,5,5
4,5,5
4,5,5
4,5,5
4,5,5
4,5,5
4,5,5
4,5,5
4,5,5
4,5,5
4,5,5
4,5,5
4,5,5
4,5,5
4,5,5
4,5,5
4,5,5
4,5,5
4,5,5
4,5,5
4,5,5
4,5,5
4,5,5
4,5,5
4,5,5
4,5,5
4,5,5
4,5,5
4,5,5
4,5,5
4,5,5
4,5,5
4,5,5
4,5,5
4,5,5
4,5,5
4,5,5
4,5,5
4,5,5
4,5,5
4,5,5
4,5,5
4,5,5
4,5,5
4,5,5
4,5,5
4,5,5
4,5,5
4,5,5
4,5,5
4,5,5
4,5,5
4,5,5
4,5,5
4,5,5
4,5,5
4,5,5
4,5,5
4,5,5
4,5,5
4,5,5
4,5,5
4,5,5
4,5,5
4,5,5
4,5,5
4,5,5
4,5,5
4,5,5
4,5,5
4,5,5
4,5,5
4,5,5
4,5,5
4,5,5
4,5,5
4,5,5
4,5,5
4,5,5
4,5,5
4,5,5
4,5,5
4,5,5
4,4,5
4,4,5
4,4,5
4,4,5
4,4,5
4,4,5
4,4,5
4,4,5
4,4,5
4,4,5
4,4,5
4,4,5
4,4,5
4,4,5
4,4,5
4,4,5
4,4,5
4,4,5
4,4,5
4,4,5
4,4,5
4,4,5
4,4,5
4,4,5
4,4,5
4,4,4
4,4,4
4,4,4
4,4,4
4,4,4
4,4,4
4,4,4
4,4,4
4,4,4
4,4,4
4,4,4
4,4,4
4,4,4
4,4,4
4,4,4
4,4,4
4,4,4
4,4,4
4,4,4
4,4,4
4,4,4
4,4,4
4,4,4
4,4,4
4,4,4
4,4,4
4,4,4
4,4,4
4,4,4
4,4,4
4,4,4
4,4,4
4,4,4
4,4,4
4,4,4
4,4,4
4,4,4
4,4,4
4,4,4
4,4,4
4,4,4
4,4,4
4,4,4
4,4,4
4,4,4
4,4,4
4,4,4
4,4,4
4,4,4
4,4,4
4,4,4
4,4,4
4,4,4
4,4,4
4,4,4
4,4,4
4,4,4
4,4,4
3,4,4
3,4,4
3,4,4
3,4,4
3,4,4
3,4,4
3,4,4
3,4,4
3,4,4
3,4,4
3,4,4
3,4,4
3,4,4
3,4,4
3,4,4
3,4,4
3,4,4
3,4,4
3,4,4
3,3,4
3,3,4
3,3,4
3,3,4
3,3,4
3,3,4
3,3,4
3,3,4
3,3,4
3,3,4
3,3,4
3,3,4
3,3,4
3,3,4
3,3,4
3,3,4
3,3,4
3,3,4
3,3,4
3,3,4
3,3,4
3,3,4
3,3,4
3,3,4
3,3,4
3,3,4
3,3,4
3,3,4
3,3,4
3,3,4
3,3,4
3,3,4
3,3,4
3,3,4
3,3,4
3,3,4
3,3,4
3,3,4
3,3,4
3,3,4
3,3,4
3,3,4
3,3,4
3,3,4
3,3,4
3,3,4
3,3,4
3,3,4
3,3,4
3,3,4
3,3,4
3,3,4
3,3,4
3,3,4
3,3,4
3,3,4
3,3,4
3,3,4
3,3,4
3,3,4
3,3,4
3,3,4
2,3,4
2,3,4
2,3,4
2,3,4
2,3,4
2,3,4
2,3,4
2,3,4
2,3,4
2,3,4
2,3,4
2,3,4
2,3,4
2,3,4
2,3,4
2,3,4
2,3,4
2,3,4
2,3,4
2,3,4
2,3,4
2,3,4
2,3,4
2,3,4
2,3,4
2,3,4
2,3,4
2,3,4
2,3,4
2,3,4
2,3,4
2,3,4
2,3,4
2,3,4
2,3,4
2,3,4
2,3,4
2,3,4
2,3,4
2,3,4
2,3,4
2,3,4
2,3,4
2,3,4
2,3,4
2,3,4
2,3,4
2,3,4
2,3,4
2,3,4
2,3,4
2,3,4
2,3,4
2,3,4
2,3,4
2,3,4
2,3,4
2,3,4
2,3,4
2,3,4
2,3,4
2,3,4
2,3,4
2,3,4
2,3,4
2,3,4
2,3,4
2,3,4
2,3,4
2,3,4
2,3,4
2,3,4
2,3,4
2,3,4
2,3,4
2,3,3
2,3,3
2,3,3
2,3,3
2,3,3
2,3,3
2,3,3
2,3,3
2,3,3
2,3,3
2,3,3
2,3,3
2,3,3
2,3,3
2,3,3
2,3,3
2,3,3
2,3,3
2,3,3
2,3,3
2,3,3
2,3,3
2,3,3
2,3,3
2,3,3
2,3,3
2,3,3
2,3,3
2,3,3
2,3,3
2,3,3
2,3,3
2,3,3
2,3,3
2,3,3
2,3,3
2,3,3
2,3,3
2,3,3
2,3,3
2,3,3
2,3,3
2,3,3
2,3,3
2,3,3
2,3,3
2,3,3
2,3,3
2,3,3
2,3,3
2,3,3
2,3,3
2,3,3
2,3,3
2,3,3
2,3,3
2,3,3
2,3,3
2,3,3
2,3,3
2,3,3
2,3,3
2,3,3
2,3,3
2,3,3
2,3,3
2,3,3
2,3,3
2,3,3
2,3,3
2,3,3
2,3,3
2,3,3
2,3,3
2,3,3
2,3,3
2,3,3
2,3,3
2,3,3
2,3,3
2,3,3
2,3,3
2,3,3
2,3,3
2,3,3
2,3,3
2,3,3
2,3,3
2,3,3
2,3,3
2,3,3
2,3,3
2,3,3
2,3,3
2,3,3
2,3,3
2,3,3
2,3,3
2,3,3
1,3,3
1,3,3
1,3,3
1,3,3
1,3,3
1,3,3
1,2,3
1,2,3
1,2,3
1,2,3
1,2,3
1,2,3
1,2,3
1,2,3
1,2,3
1,2,3
1,2,3
1,2,3
1,2,3
1,2,3
1,2,3
1,2,3
1,2,3
1,2,3
1,2,3
1,2,3
1,2,3
1,2,3
1,2,3
1,2,3
1,2,3
1,2,3
1,2,3
1,2,3
1,2,3
1,2,3
1,2,3
1,2,3
1,2,3
1,2,3
1,2,3
1,2,3
1,2,2
1,2,2
1,2,2
1,2,2
1,2,2
1,2,2
1,2,2
1,2,2
1,2,2
1,2,2
1,2,2
1,2,2
1,2,2
1,2,2
1,2,2
1,2,2
1,2,2
1,2,2
1,1,2
1,1,2
1,1,2
1,1,2
1,1,2
1,1,2
1,1,2
1,1,2
1,1,2
1,1,2
1,1,2
1,1,2
1,1,2
1,1,2
1,1,2
1,1,2
1,1,2
1,1,2
1,1,2
1,1,2
1,1,2
1,1,2
1,1,2
1,1,2
1,1,2
1,1,2
1,1,2
1,1,2
1,1,2
1,1,2
1,1,2
1,1,2
1,1,2
1,1,2
1,1,2
1,1,2
1,1,2
1,1,2
1,1,2
1,1,2
1,1,2
1,1,2
1,1,2
1,1,2
1,1,2
1,1,2
1,1,2
1,1,2
1,1,2
1,1,2
1,1,2
1,1,2
1,1,2
1,1,2
1,1,2
1,1,2
1,1,2
1,1,2
1,1,2
1,1,2
1,1,2
1,1,2
1,1,2
1,1,2
1,1,2
1,1,2
1,1,2
1,1,2
1,1,2
1,1,2
1,1,2
1,1,2
1,1,2
1,1,2
1,1,2
1,1,2
1,1,2
1,1,2
1,1,2
1,1,2
1,1,2
1,1,2
1,1,2
1,1,2
1,1,2
1,1,2
1,1,2
1,1,2
1,1,2
1,1,2
1,1,2
1,1,2
1,1,2
1,1,2
1,1,2
1,1,2
1,1,2
1,1,2
1,1,2
1,1,2
1,1,2
1,1,2
1,1,2
1,1,2
1,1,2
1,1,2
1,1,2
1,1,2
1,1,2
1,1,2
1,1,2
1,1,2
1,1,2
1,1,2
1,1,2
1,1,2
1,1,2
1,1,2
1,1,2
1,1,2
1,1,2
1,1,2
1,1,1
1,1,1
1,1,1
1,1,1
1,1,1
0,1,1
0,1,1
0,1,1
0,1,1
0,1,1
0,1,1
0,1,1
0,1,1
0,1,1
0,1,1
0,1,1
0,1,1
0,1,1
0,1,1
0,1,1
0,1,1
0,1,1
0,1,1
0,1,1
0,1,1
0,1,1
0,1,1
0,1,1
0,1,1
0,0,1
0,0,1
0,0,1
0,0,1
0,0,1
0,0,1
0,0,1
0,0,1
0,0,1
0,0,1
0,0,1
0,0,1
0,0,1
0,0,1
0,0,1
0,0,1
0,0,1
0,0,1
0,0,1
0,0,1
0,0,1
0,0,1
0,0,1
0,0,1
0,0,1
0,0,1
0,0,1
0,0,1
0,0,1
0,0,1
0,0,1
0,0,1
0,0,1
0,0,1
0,0,1
0,0,0
0,0,0
0,0,0
0,0,0
0,0,0
0,0,0
0,0,0
0,0,0
0,0,0
0,0,0
0,0,0
0,0,0
0,0,0
0,0,0
0,0,0
0,0,0
0,0,0
0,0,0
0,0,0
0,0,0
0,0,0
0,0,0
0,0,0
0,0,0
0,0,0
0,0,0
0,0,0
0,0,0
0,0,0
0,0,0
0,0,0
0,0,0
0,0,0
0,0,0
0,0,0
0,0,0
0,0,0
0,0,0
0,0,0
0,0,0
0,0,0
0,0,0
0,0,0
0,0,0
0,0,0
0,0,0
0,0,0
0,0,0
0,0,0
0,0,0
0,0,0
0,0,0
0,0,0
0,0,0
0,0,0
0,0,0
0,0,0
0,0,0
0,0,0
0,0,0
0,0,0
0,0,0
0,0,0
0,0,0
0,0,0
0,0,0
0,0,0
0,0,0
0,0,0
0,0,0
0,0,0
0,0,0
0,0,0
0,0,0
0,0,0
0,0,0
0,0,0
0,0,0
0,0,0
0,0,0
0,0,0
0,0,0
0,0,0
0,0,0
0,0,0
0,0,0
0,0,0
0,0,0
0,0,0
0,0,0
0,0,0
0,0,0
0,0,0
0,0,0
0,0,0
0,0,0
0,0,0
0,0,0
0,0,0
0,0,0
0,0,0
0,0,0
0,0,0
0,0,0
0,0,0
0,0,0
0,0,0
0,0,0
0,0,0
0,0,0
0,0,0
0,0,0
0,0,0
0,0,0
0,0,0
0,0,0
0,0,0
0,0,0
0,0,0
0,0,0
0,0,0
0,0,0
0,0,0
0,0,0
0,0,0
0,0,0
0,0,0
0,0,0
0,0,0
0,0,0
0,0,0
0,0,0
0,0,0
0,0,0
0,0,0
0,0,0
0,0,0
0,0,0
0,0,0
0,0,0
0,0,0
0,0,0
0,0,0
0,0,0
0,0,0
0,0,0
0,0,0
0,0,0
0,0,0
0,0,0
0,0,0
0,0,0
0,0,0
0,0,0
0,0,0
0,0,0
0,0,0
0,0,0
0,0,0
0,0,0
0,0,0
0,0,0
0,0,0
0,0,0
0,0,0
0,0,0
0,0,0
0,0,0
0,0,0
0,0,0
0,0,0
0,0,0
0,0,0
0,0,0
0,0,0
0,0,0
0,0,0
0,0,0
0,0,0
0,0,0
0,0,0
0,0,0
0,0,0
0,0,0
0,0,0
0,0,0
0,0,0
0,0,0
0,0,0
0,0,0
0,0,0
0,0,0
0,0,0
0,0,0
0,0,0
0,0,0
0,0,0
0,0,0
0,0,0
0,0,0
0,0,0
0,0,0
0,0,0
0,0,0
0,0,0
0,0,0
0,0,0
0,0,0
0,0,0
0,0,0
0,0,0
0,0,0
0,0,0
0,0,0
0,0,0
0,0,0
0,0,0
0,0,0
0,0,0
0,0,0
0,0,0
0,0,0
0,0,0
0,0,0
0,0,0
0,0,0
0,0,0
0,0,0
0,0,0
0,0,0
0,0,0
0,0,0
0,0,0
0,0,0
0,0,0
0,0,0
0,0,0
0,0,0
0,0,0
0,0,0
0,0,0
0,0,0
0,0,0
0,0,0
0,0,0
0,0,0
0,0,0
0,0,0
0,0,0
0,0,0
0,0,0
0,0,0
0,0,0
0,0,0
0,0,0
0,0,0
0,0,0
0,0,0
0,0,0
0,0,0
0,0,0
0,0,0
0,0,0
0,0,0
0,0,0
0,0,0
0,0,0
0,0,0
0,0,0
0,0,0
0,0,0
0,0,0
0,0,0
0,0,0
0,0,0
0,0,0
0,0,0
0,0,0
0,0,0
0,0,0
0,0,0
0,0,0
0,0,0
0,0,0
0,0,0
0,0,0
0,0,0
0,0,0
0,0,0
0,0,0
0,0,0
0,0,0
0,0,0
0,0,0
0,0,0
0,0,0
0,0,0
0,0,0
0,0,0
0,0,0
0,0,0
0,0,0
0,0,0
0,0,0
0,0,0
0,0,0
0,0,0
0,0,0
0,0,0
0,0,0
0,0,0
0,0,0
0,0,0
0,0,0
0,0,0
0,0,0
0,0,0
0,0,0
0,0,0
0,0,0
0,0,0
0,0,0
0,0,0
0,0,0
0,0,0
0,0,0
0,0,0
0,0,0
0,0,0
0,0,0
0,0,0
0,0,0
0,0,0
0,0,0
0,0,0
0,0,0
0,0,0
0,0,0
0,0,0
0,0,0
0,0,0
0,0,0
0,0,0
0,0,0
0,0,0
0,0,0
0,0,0
0,0,0
0,0,0
0,0,0
0,0,0
0,0,0
0,0,0
0,0,0
0,0,0
0,0,0
0,0,0
0,0,0
0,0,0
0,0,0
0,0,0
0,0,0
0,0,0
0,0,0
0,0,0
0,0,0
0,0,0
0,0,0
0,0,0
0,0,0
0,0,0
0,0,0
0,0,0
0,0,0
0,0,0
0,0,0
0,0,0
0,0,0
0,0,0
0,0,0
0,0,0
0,0,0
0,0,0
0,0,0
0,0,0
0,0,0
0,0,0
0,0,0
0,0,0
0,0,0
0,0,0
0,0,0
0,0,0
0,0,0
0,0,0
0,0,0
0,0,0
0,0,0
0,0,0
0,0,0
0,0,0
0,0,0
0,0,0
0,0,0
0,0,0
0,0,0
0,0,0
0,0,0
0,0,0
0,0,0
0,0,0
0,0,0
0,0,0
0,0,0
0,0,0
0,0,0
0,0,0
0,0,0
0,0,0
0,0,0
0,0,0
0,0,0
0,0,0
0,0,0
0,0,0
0,0,0
0,0,0
0,0,0
0,0,0
0,0,0
0,0,0
0,0,0
0,0,0
0,0,0
0,0,0
0,0,0
0,0,0
0,0,0
0,0,0
0,0,0
0,0,0
0,0,0
0,0,0
0,0,0
0,0,0
0,0,0
0,0,0
0,0,0
0,0,0
0,0,0
0,0,0
0,0,0
0,0,0
0,0,0
0,0,0
0,0,0
0,0,0
0,0,0
0,0,0
0,0,0
0,0,0
0,0,0
0,0,0
0,0,0
0,0,0
0,0,0
0,0,0
0,0,0
0,0,0
0,0,0
0,0,0
0,0,0
0,0,0
0,0,0
0,0,0
0,0,0
0,0,0
0,0,0
0,0,0
0,0,0
0,0,0
0,0,0
0,0,0
0,0,0
0,0,0
0,0,0
0,0,0
0,0,0
0,0,0
0,0,0
0,0,0
0,0,0
0,0,0
0,0,0
0,0,0
0,0,0
0,0,0
0,0,0
0,0,0
0,0,0
0,0,0
0,0,0
0,0,0
0,0,0
0,0,0
0,0,0
0,0,0
0,0,0
0,0,0
0,0,0
0,0,0
0,0,0
0,0,0
0,0,0
0,0,0
0,0,0
0,0,0
0,0,0
0,0,0
0,0,0
0,0,0
0,0,0
0,0,0
0,0,0
0,0,0
0,0,0
0,0,0
0,0,0
0,0,0
0,0,0
0,0,0
0,0,0
0,0,0
0,0,0
0,0,0
0,0,0
0,0,0
0,0,0
0,0,0
0,0,0
0,0,0
0,0,0
0,0,0
0,0,0
0,0,0
0,0,0
0,0,0
0,0,0
0,0,0
0,0,0
0,0,0
0,0,0
0,0,0
0,0,0
0,0,0
0,0,0
0,0,0
0,0,0
0,0,0
0,0,0
0,0,0
0,0,0
0,0,0
0,0,0
0,0,0
0,0,0
0,0,0
0,0,0
0,0,0
0,0,0
0,0,0
0,0,0
0,0,0
0,0,0
0,0,0
0,0,0
0,0,0
0,0,0
0,0,0
0,0,0
0,0,0
0,0,0
0,0,0
0,0,0
0,0,0
0,0,0
0,0,0
0,0,0
0,0,0
0,0,0
0,0,0
0,0,0
0,0,0
0,0,0
0,0,0
0,0,0
0,0,0
0,0,0
0,0,0
0,0,0
0,0,0
0,0,0
0,0,0
0,0,0
0,0,0
0,0,0
0,0,0
0,0,0
0,0,0
0,0,0
0,0,0
0,0,0
0,0,0
0,0,0
0,0,0
0,0,0
0,0,0
0,0,0
0,0,0
0,0,0
0,0,0
0,0,0
0,0,0
0,0,0
0,0,0
0,0,0
0,0,0
0,0,0
0,0,0
0,0,0
0,0,0
0,0,0
0,0,0
0,0,0
0,0,0
0,0,0
0,0,0
0,0,0
0,0,0
0,0,0
0,0,0
0,0,0
0,0,0
0,0,0
0,0,0
0,0,0
0,0,0
0,0,0
0,0,0
0,0,0
0,0,0
0,0,0
0,0,0
0,0,0
0,0,0
0,0,0
0,0,0
0,0,0
0,0,0
0,0,0
0,0,0
0,0,0
0,0,0
0,0,0
0,0,0
0,0,0
0,0,0
0,0,0
0,0,0
0,0,0
0,0,0
0,0,0
0,0,0
0,0,0
0,0,0
0,0,0
0,0,0
0,0,0
0,0,0
0,0,0
0,0,0
0,0,0
0,0,0
0,0,0
0,0,0
0,0,0
0,0,0
0,0,0
0,0,0
0,0,0
0,0,0
0,0,0
0,0,0
0,0,0
0,0,0
0,0,0
0,0,0
0,0,0
0,0,0
0,0,0
0,0,0
0,0,0
0,0,0
0,0,0
0,0,0
0,0,0
0,0,0
0,0,0
0,0,0
0,0,0
0,0,0
0,0,0
0,0,0
0,0,0
0,0,0
0,0,0
0,0,0
0,0,0
0,0,0
0,0,0
0,0,0
0,0,0
0,0,0
0,0,0
0,0,0
0,0,0
0,0,0
0,0,0
0,0,0
0,0,0
0,0,0
0,0,0
0,0,0
0,0,0
0,0,0
0,0,0
0,0,0
0,0,0
0,0,0
0,0,0
0,0,0
0,0,0
0,0,0
0,0,0
0,0,0
0,0,0
0,0,0
0,0,0
0,0,0
0,0,0
0,0,0
0,0,0
0,0,0
0,0,0
0,0,0
0,0,0
0,0,0
0,0,0
0,0,0
0,0,0
0,0,0
